"code","label","list"
"-999","Does not know","region"
"-777","Not listed","region"
"1","Addis Ababa","region"
"2","Afar","region"
"3","Amhara","region"
"4","Benishangul-Gumuz","region"
"5","Central Ethiopia","region"
"6","Dire Dawa","region"
"7","Gambela","region"
"8","Harari","region"
"9","Oromia","region"
"10","Sidama","region"
"11","Somali","region"
"12","South Ethiopia","region"
"13","Southwest Ethiopia","region"
"14","Tigray","region"
"-777","Not listed","zone"
"1","Addis Ababa","zone"
"2","Argobba","zone"
"3","Awsi Rasu","zone"
"4","Fanti Rasu","zone"
"5","Gabi Rasu","zone"
"6","Hari Rasu","zone"
"7","Kilbati Rasu","zone"
"8","Mahi Rasu","zone"
"9","Agew Awi","zone"
"10","Bahir Dar Specaial Zone","zone"
"11","East Gojjam","zone"
"12","North Gondar","zone"
"13","North Shewa","zone"
"14","North Wollo","zone"
"15","Oromia Zone","zone"
"16","South Gondar","zone"
"17","South Wollo","zone"
"18","Wag Hemra","zone"
"19","West Gojjam","zone"
"20","Asosa","zone"
"21","Kamashi","zone"
"22","Metekel","zone"
"33","Dire Dawa","zone"
"34","Anywaa","zone"
"35","Itang","zone"
"36","Majang","zone"
"37","Nuer","zone"
"38","Abadir","zone"
"39","Aboker","zone"
"40","Amir Nur","zone"
"41","Dire Teyara","zone"
"42","Erer","zone"
"43","Hakim","zone"
"44","Jinella","zone"
"45","Shenkor","zone"
"46","Sofi","zone"
"47","Arsi","zone"
"48","Bale","zone"
"49","Borena","zone"
"50","Buno Bedele","zone"
"51","East Hararghe","zone"
"52","East Shewa","zone"
"53","East Welega","zone"
"54","Guji","zone"
"55","Horo Guduru Welega","zone"
"56","Ilu Aba Bora","zone"
"57","Jimma","zone"
"58","Kelem Welega","zone"
"59","North Shewa","zone"
"60","Oromia Special Zone Surrounding Finfinne","zone"
"61","South West Shewa","zone"
"62","West Arsi","zone"
"63","West Guji","zone"
"64","West Hararghe","zone"
"65","West Shewa","zone"
"66","West Welega","zone"
"87","Afder","zone"
"88","Degehabur","zone"
"89","Dhawa","zone"
"90","Dollo","zone"
"91","Erer","zone"
"92","Fafan","zone"
"93","Gode","zone"
"94","Harawo","zone"
"95","Jarar","zone"
"96","Kebri Beyah","zone"
"97","Kebri Dehar","zone"
"98","Korahe","zone"
"99","Liben","zone"
"100","Nogob","zone"
"101","Shabelle","zone"
"102","Sitti","zone"
"103","Tog Wajale","zone"
"116","Bench Sheko","zone"
"117","Dawro","zone"
"118","Keffa","zone"
"119","Konta","zone"
"120","Sheka","zone"
"121","West Omo","zone"
"122","Central Tigray","zone"
"123","East Tigray","zone"
"124","Mekelle Special Zone","zone"
"125","North West Tigray","zone"
"126","South East Tigray","zone"
"127","South Tigray","zone"
"128","West Tigray","zone"
"129","Eastern Sidama","zone"
"130","Central Sidama","zone"
"131","Northern Sidama","zone"
"132","Southern Sidama","zone"
"133","Hawassa City Administration","zone"
"134","Wolayta","zone"
"135","Gedeo","zone"
"136","Gamo","zone"
"137","Gofa","zone"
"138","Konso","zone"
"139","Kore/Amaro","zone"
"140","Darashe","zone"
"141","Burji","zone"
"142","Basketo","zone"
"143","South Omo","zone"
"144","Ari","zone"
"145","Ale esp.","zone"
"146","Gurage","zone"
"147","Hadiya","zone"
"148","Silte","zone"
"149","Kembata","zone"
"150","Halaba","zone"
"151","Yem","zone"
"152","Kebena esp. Woreda","zone"
"153","Mareko esp. Woreda","zone"
"154","Tembaro esp. Woreda","zone"
"-777","Not listed","woreda"
"1","Addis Ketema","woreda"
"2","Akaky Kaliti","woreda"
"3","Arada","woreda"
"4","Bole","woreda"
"5","Gullele","woreda"
"6","Kirkos","woreda"
"7","Kolfe Keranio","woreda"
"8","Lideta","woreda"
"9","Nifas Silk-Lafto","woreda"
"10","Yeka","woreda"
"11","Ada'ar","woreda"
"12","Afambo","woreda"
"13","Asayita","woreda"
"14","Chifra","woreda"
"15","Dubti","woreda"
"16","Elidar","woreda"
"17","Kori","woreda"
"18","Mille","woreda"
"19","Aura","woreda"
"20","Ewa","woreda"
"21","Gulina","woreda"
"22","Teru","woreda"
"23","Yalo","woreda"
"24","Amibara","woreda"
"25","Awash Fentale","woreda"
"26","Bure Mudaytu","woreda"
"27","Dulecha","woreda"
"28","Gewane","woreda"
"29","Dalifage","woreda"
"30","Dewe","woreda"
"31","Hadele Ele","woreda"
"32","Simurobi Gele'alo","woreda"
"33","Telalak","woreda"
"34","Abala","woreda"
"35","Afdera","woreda"
"36","Berhale","woreda"
"37","Bidu","woreda"
"38","Dallol","woreda"
"39","Erebti","woreda"
"40","Koneba","woreda"
"41","Megale","woreda"
"42","Banja","woreda"
"43","Dangila","woreda"
"44","Faggeta Lekoma","woreda"
"45","Guagusa Shekudad","woreda"
"46","Baso Liben","woreda"
"47","Debre Markos","woreda"
"48","Dejen","woreda"
"49","Shebel Berenta","woreda"
"50","Dabat","woreda"
"51","Debark","woreda"
"52","Gondar","woreda"
"53","Wogera","woreda"
"54","Gidan","woreda"
"55","Gubalafto","woreda"
"56","Kobo","woreda"
"57","Lalibela","woreda"
"58","Artuma Fursi","woreda"
"59","Bati","woreda"
"60","Jile Timuga","woreda"
"61","Kemise","woreda"
"62","Debre Tabor","woreda"
"63","Ebnat","woreda"
"64","Mekane Yesus","woreda"
"65","Simada","woreda"
"66","Dessie","woreda"
"67","Kalu","woreda"
"68","Kombolcha","woreda"
"69","Woreilu","woreda"
"70","Abergele","woreda"
"71","Gazgibla","woreda"
"72","Sekota","woreda"
"73","Zikuala","woreda"
"74","Adet","woreda"
"75","Bahir Dar","woreda"
"76","Burie","woreda"
"77","Merawi","woreda"
"78","Asosa","woreda"
"79","Bambasi","woreda"
"80","Komesha","woreda"
"81","Menge","woreda"
"82","Sherkole","woreda"
"83","Agalo Mite","woreda"
"84","Kamashi","woreda"
"85","Sirba Abay","woreda"
"86","Yaso","woreda"
"87","Dangur","woreda"
"88","Dibate","woreda"
"89","Gilgil Beles","woreda"
"90","Guba","woreda"
"91","Mandura","woreda"
"92","Wombera","woreda"
"98","Dire Dawa Rural","woreda"
"99","Dire Dawa Urban","woreda"
"100","Jeldesa","woreda"
"101","Sabiyan","woreda"
"102","Abobo","woreda"
"103","Gambela","woreda"
"104","Gog","woreda"
"105","Jor","woreda"
"106","Godere","woreda"
"107","Maji","woreda"
"108","Meti","woreda"
"109","Akobo","woreda"
"110","Itang","woreda"
"111","Jikawo","woreda"
"112","Lare","woreda"
"113","Makuey","woreda"
"114","Wanthoa","woreda"
"115","Abadir","woreda"
"116","Amir Nur","woreda"
"117","Hakim","woreda"
"118","Jinella","woreda"
"119","Shenkor","woreda"
"120","Sofi","woreda"
"121","Asella","woreda"
"122","Bokoji","woreda"
"123","Digelu Tijo","woreda"
"124","Diksis","woreda"
"125","Hitosa","woreda"
"126","Lemu","woreda"
"127","Delomena","woreda"
"128","Ginnir","woreda"
"129","Goba","woreda"
"130","Goro","woreda"
"131","Legehida","woreda"
"132","Robe","woreda"
"133","Arero","woreda"
"134","Dire","woreda"
"135","Dubluk","woreda"
"136","Moyale","woreda"
"137","Taltale","woreda"
"138","Yabello","woreda"
"139","Bedeno","woreda"
"140","Fedis","woreda"
"141","Girawa","woreda"
"142","Gursum","woreda"
"143","Harar","woreda"
"144","Haromaya","woreda"
"145","Adama","woreda"
"146","Bishoftu","woreda"
"147","Boset","woreda"
"148","Dukem","woreda"
"149","Metehara","woreda"
"150","Mojo","woreda"
"151","Diga","woreda"
"152","Gida Ayana","woreda"
"153","Guto Gida","woreda"
"154","Leka Dulecha","woreda"
"155","Nekemte","woreda"
"156","Sasiga","woreda"
"157","Adola","woreda"
"158","Gumi Eldalo","woreda"
"159","Negele Borana","woreda"
"160","Saba Boru","woreda"
"161","Shakiso","woreda"
"162","Wadera","woreda"
"163","Abay Chomen","woreda"
"164","Abe Dongoro","woreda"
"165","Amuru","woreda"
"166","Horro","woreda"
"167","Jardega Jarte","woreda"
"168","Shambu","woreda"
"169","Ale","woreda"
"170","Bure","woreda"
"171","Dega","woreda"
"172","Gore","woreda"
"173","Metu","woreda"
"174","Yayo","woreda"
"175","Agaro","woreda"
"176","Dedo","woreda"
"177","Goma","woreda"
"178","Jimma","woreda"
"179","Limmu Kosa","woreda"
"180","Seka Chekorsa","woreda"
"181","Anfillo","woreda"
"182","Dale Sadi","woreda"
"183","Dembidolo","woreda"
"184","Hawa Galan","woreda"
"185","Sayo","woreda"
"186","Yayo","woreda"
"187","Degem","woreda"
"188","Fiche","woreda"
"189","Gebre Guracha","woreda"
"190","Kimbibit","woreda"
"191","Kuyu","woreda"
"192","Wuchale","woreda"
"193","Becho","woreda"
"194","Dawo","woreda"
"195","Seden Sodo","woreda"
"196","Tole","woreda"
"197","Waliso","woreda"
"198","Wonchi","woreda"
"199","Arsi Negele","woreda"
"200","Dodola","woreda"
"201","Kofele","woreda"
"202","Shala","woreda"
"203","Shashemene","woreda"
"204","Siraro","woreda"
"205","Anchar","woreda"
"206","Asebe Teferi","woreda"
"207","Chiro","woreda"
"208","Doba","woreda"
"209","Gelemso","woreda"
"210","Habro","woreda"
"211","Ambo","woreda"
"212","Dandi","woreda"
"213","Ginde Beret","woreda"
"214","Guder","woreda"
"215","Jeldu","woreda"
"216","Tikur Enchini","woreda"
"217","Begi","woreda"
"218","Boji Chokorsa","woreda"
"219","Gimbi","woreda"
"220","Jarso","woreda"
"221","Lalo Asabi","woreda"
"222","Nejo","woreda"
"223","Bare","woreda"
"224","Cherti","woreda"
"225","Hargele","woreda"
"226","Kersa Dula","woreda"
"227","West Imi","woreda"
"228","Boh","woreda"
"229","Bokh","woreda"
"230","Danod","woreda"
"231","Daror","woreda"
"232","Galadi","woreda"
"233","Warder","woreda"
"234","Aware","woreda"
"235","Degehabur","woreda"
"236","Gashamo","woreda"
"237","Misrak Gashamo","woreda"
"238","Qubi","woreda"
"239","Awbare","woreda"
"240","Harshin","woreda"
"241","Jijiga","woreda"
"242","Kebri Beyah","woreda"
"243","Kebribeyah","woreda"
"244","Tuli Guled","woreda"
"245","Ararso","woreda"
"246","Aware","woreda"
"247","Birqod","woreda"
"248","Daror","woreda"
"249","Degehamedo","woreda"
"250","Gunagado","woreda"
"251","Dobowein","woreda"
"252","Geladin","woreda"
"253","Kebri Dehar","woreda"
"254","Marsin","woreda"
"255","Segeg","woreda"
"256","Shilabo","woreda"
"257","Denan","woreda"
"258","Dobowein","woreda"
"259","Kebridehar","woreda"
"260","Marsin","woreda"
"261","Shekosh","woreda"
"262","Shilabo","woreda"
"263","Dekha Suftu","woreda"
"264","Filtu","woreda"
"265","Hudet","woreda"
"266","Moyale","woreda"
"267","Qarsadulla","woreda"
"268","Denan","woreda"
"269","Dihun","woreda"
"270","Fik","woreda"
"271","Garbo","woreda"
"272","Hamero","woreda"
"273","Segeg","woreda"
"274","Adadle","woreda"
"275","Ber'ano","woreda"
"276","Elele","woreda"
"277","Gode","woreda"
"278","Kebri Dahar","woreda"
"279","Kelafo","woreda"
"280","Afdem","woreda"
"281","Awash","woreda"
"282","Dire Dawa","woreda"
"283","Erer","woreda"
"284","Mieso","woreda"
"285","Shinile","woreda"
"288","Bero","woreda"
"289","Debub Bench","woreda"
"290","Guraferda","woreda"
"291","Meinit Goldiya","woreda"
"292","Meinit Shasha","woreda"
"293","Mizan Aman Town","woreda"
"294","Semien Bench","woreda"
"295","She Bench","woreda"
"296","Sheko","woreda"
"297","Disa","woreda"
"298","Gena","woreda"
"299","Gesa Town Administration","woreda"
"300","Isara","woreda"
"301","Kechi","woreda"
"302","Loma","woreda"
"303","Mareka","woreda"
"304","Mari Mansa","woreda"
"305","Tarcha Town administration","woreda"
"306","Tarcha Zuriya","woreda"
"307","Tocha","woreda"
"308","Zaba Gazo","woreda"
"309","Tega","woreda"
"310","Tula","woreda"
"311","Abergele","woreda"
"312","Abiy Addi Town","woreda"
"313","Adwa","woreda"
"314","Adwa Town","woreda"
"315","Aksum Town","woreda"
"316","Dogu'a Tembien","woreda"
"317","Enticho","woreda"
"318","Kola Tembien","woreda"
"319","La'ilay Maychew","woreda"
"320","Mereb Lehe","woreda"
"321","Naeder Adet","woreda"
"322","Tahtay Maychew","woreda"
"323","Werie Lehe","woreda"
"324","Adigrat Town","woreda"
"325","Atsbi Wenberta","woreda"
"326","Ganta Afeshum","woreda"
"327","Gulomahda","woreda"
"328","Hawzen","woreda"
"329","Irob","woreda"
"330","Kilte Awulaelo","woreda"
"331","Saesi Tsaedaemba","woreda"
"332","Wukro Town","woreda"
"333","Mekelle","woreda"
"334","Asigede Tsimbela","woreda"
"335","La'ilay Adiyabo","woreda"
"336","Medebay Zana","woreda"
"337","Shiraro Town","woreda"
"338","Shire Town","woreda"
"339","Tahtay Adiyabo","woreda"
"340","Tahtay Koraro","woreda"
"341","Tselemti","woreda"
"342","Enderta","woreda"
"343","Hintalo Wajirat","woreda"
"344","Samre","woreda"
"345","Alaje","woreda"
"346","Alamata","woreda"
"347","Alamata Town","woreda"
"348","Endamehoni","woreda"
"349","Korem Town","woreda"
"350","Maychew Town","woreda"
"351","Ofla","woreda"
"352","Raya Azebo","woreda"
"353","Humera Town","woreda"
"354","Kafta Humera","woreda"
"355","Tsegede","woreda"
"356","Wolqayt","woreda"
"357","Bona Zuria","woreda"
"358","Bansa","woreda"
"359","Dayye Town Admin","woreda"
"360","Burra","woreda"
"361","Daela","woreda"
"362","Cirre","woreda"
"363","Hororessa","woreda"
"364","Hookko","woreda"
"365","Cabbe Gambelto","woreda"
"366","Harbagona","woreda"
"367","Wonsho","woreda"
"368","Dalle","woreda"
"369","Lokka Abayya","woreda"
"370","Darara","woreda"
"371","Yirgalem Town Admin","woreda"
"372","Gorche","woreda"
"373","Shebedino","woreda"
"374","Leku Town Admin","woreda"
"375","Malga","woreda"
"376","Wondo Genet","woreda"
"377","Hawela","woreda"
"378","Wondo Genet Town Admin","woreda"
"379","Hawassa Zuria","woreda"
"380","Borricha","woreda"
"381","Bilate Zuria","woreda"
"382","Cirone","woreda"
"383","Bursa","woreda"
"384","Xexicha","woreda"
"385","Hula","woreda"
"386","Darra Qawado","woreda"
"387","Darra Otilcho","woreda"
"388","Aleta Wondo Town Admin","woreda"
"389","Aleta Wondo","woreda"
"390","Aleta Cukko","woreda"
"391","Aleta Cukko Town Admin","woreda"
"392","Addis Ketema Sub-city","woreda"
"393","Mehal Ketema Sub-city","woreda"
"394","Bahil Adarash Sub-city","woreda"
"395","Misrak Sub-city","woreda"
"396","Menaharia Sub-city","woreda"
"397","Hayk Dar Sub-city","woreda"
"398","Tabor Sub-city","woreda"
"399","Hawela Tula","woreda"
"400","Humbo","woreda"
"401","Kindo Didaye","woreda"
"402","Kindo Kosha","woreda"
"403","Duguna Fango","woreda"
"404","Areka Town Admin","woreda"
"405","Boloso Sore","woreda"
"406","Sodo Town Admin","woreda"
"407","Bodit Town Admin","woreda"
"408","Sodo Zuria","woreda"
"409","Abala Abaya","woreda"
"410","Bayra Koysha","woreda"
"411","Boloso Bombe","woreda"
"412","Damot Gale","woreda"
"413","Damot Pulasa","woreda"
"414","Damot Sore","woreda"
"415","Damot Weyde","woreda"
"416","Hobicha","woreda"
"417","Kawo Koysha","woreda"
"418","Offa","woreda"
"419","Raphe","woreda"
"420","Chorso","woreda"
"421","Dilla Town Admin","woreda"
"422","Dilla Zuria","woreda"
"423","Wonago","woreda"
"424","Bule","woreda"
"425","Yirgachefe Town Admin","woreda"
"426","Yirgachefe","woreda"
"427","Bochore","woreda"
"428","Gedeb","woreda"
"429","Arba Minch Zuria","woreda"
"430","Birbir Town","woreda"
"431","Bonke","woreda"
"432","Boreda","woreda"
"433","Chencha","woreda"
"434","Chencha Town","woreda"
"435","Daramalo","woreda"
"436","Dita","woreda"
"437","Gacho Baba","woreda"
"438","Garda Marta","woreda"
"439","Geressie","woreda"
"440","Kemba","woreda"
"441","Kucha","woreda"
"442","Kucha Alpha","woreda"
"443","Mirab Abaya","woreda"
"444","Arba Minch Town","woreda"
"445","Demba Gofa","woreda"
"446","Geze Gofa","woreda"
"447","Zala","woreda"
"448","Melokoza","woreda"
"449","Melo Gada","woreda"
"450","Oyda","woreda"
"451","Bulki Town","woreda"
"452","Uba Debre Tseha","woreda"
"453","Sawla Town","woreda"
"454","Segen","woreda"
"455","Karat Zuria","woreda"
"456","Kena","woreda"
"457","Kore/Amaro","woreda"
"458","Darashe","woreda"
"459","Burji","woreda"
"460","Basketo","woreda"
"461","Salamago","woreda"
"462","Nyangatom","woreda"
"463","Male","woreda"
"464","Hamer","woreda"
"465","Dasenech","woreda"
"466","Bako Gazer","woreda"
"467","Bena Tsemay","woreda"
"468","Baka Dawla Ari","woreda"
"469","Debub Ari","woreda"
"470","North Ari","woreda"
"471","Woba Ari","woreda"
"472","Ale esp.","woreda"
"473","Cheha","woreda"
"474","Ezhe","woreda"
"475","Enor (Inor)","woreda"
"476","Gumer","woreda"
"477","Soddo","woreda"
"478","Meskane","woreda"
"479","Muher and Aklile","woreda"
"480","Gedebano-Gutazere-Wolene","woreda"
"481","Kebena","woreda"
"482","Mareko<U+00A0>(Libido)","woreda"
"483","Kokir Gedebano","woreda"
"484","Abeshge","woreda"
"485","Chole","woreda"
"486","Ana Lemo (Anelemo)","woreda"
"487","Duna","woreda"
"488","Gibe","woreda"
"489","Gombora","woreda"
"490","Lemo","woreda"
"491","Mirab Badawacho (West Badewacho)","woreda"
"492","Misrak Badawacho (East Badewacho)","woreda"
"493","Misha","woreda"
"494","Shashogo (Shashego)","woreda"
"495","Soro (Sorro)","woreda"
"496","Hosana Town","woreda"
"497","Misraq Azernet Berbere","woreda"
"498","Misraq Silti","woreda"
"499","Sankurra","woreda"
"500","Worabe Town","woreda"
"501","Silti","woreda"
"502","Wulbareg","woreda"
"503","Alicho Werero","woreda"
"504","Dalocha","woreda"
"505","Lanfro","woreda"
"506","Damboya","woreda"
"507","Doyogena","woreda"
"508","Hadero Tunto","woreda"
"509","Kacha Bira","woreda"
"510","Durame Town","woreda"
"511","Wera","woreda"
"512","Wera Dijo","woreda"
"513","Atoto Ollo","woreda"
"514","Kulito Town","woreda"
"515","Yem esp.","woreda"
"516","Kebena esp.","woreda"
"517","Mareko esp.","woreda"
"518","Tembaro esp.","woreda"
